"Filename","Inside PDF Retrieved from NIME-proceedings-analyzer","Inside Curated from Our Institutional NIME Archive"
"nime2001_003.pdf","True","True"
"nime2001_007.pdf","True","True"
"nime2001_011.pdf","True","True"
"nime2001_015.pdf","True","True"
"nime2001_019.pdf","True","True"
"nime2001_024.pdf","True","True"
"nime2001_027.pdf","True","True"
"nime2001_030.pdf","True","True"
"nime2001_034.pdf","True","True"
"nime2001_038.pdf","True","True"
"nime2001_042.pdf","True","True"
"nime2001_046.pdf","True","True"
"nime2001_051.pdf","True","True"
"nime2001_054.pdf","True","True"
"nime2002_001.pdf","True","True"
"nime2002_005.pdf","True","True"
"nime2002_010.pdf","True","True"
"nime2002_012.pdf","True","True"
"nime2002_018.pdf","True","True"
"nime2002_024.pdf","True","True"
"nime2002_030.pdf","True","True"
"nime2002_038.pdf","True","True"
"nime2002_043.pdf","True","True"
"nime2002_046.pdf","True","True"
"nime2002_050.pdf","True","True"
"nime2002_056.pdf","True","True"
"nime2002_059.pdf","True","True"
"nime2002_065.pdf","True","True"
"nime2002_071.pdf","True","True"
"nime2002_073.pdf","True","True"
"nime2002_080.pdf","True","True"
"nime2002_082.pdf","True","True"
"nime2002_088.pdf","True","True"
"nime2002_094.pdf","True","True"
"nime2002_101.pdf","True","True"
"nime2002_102.pdf","True","True"
"nime2002_108.pdf","True","True"
"nime2002_113.pdf","True","True"
"nime2002_115.pdf","True","True"
"nime2002_116.pdf","True","True"
"nime2002_118.pdf","True","True"
"nime2002_120.pdf","True","True"
"nime2002_126.pdf","True","True"
"nime2002_131.pdf","True","True"
"nime2002_133.pdf","True","True"
"nime2002_137.pdf","True","True"
"nime2002_143.pdf","True","True"
"nime2002_145.pdf","True","True"
"nime2002_148.pdf","True","True"
"nime2002_154.pdf","True","True"
"nime2002_156.pdf","True","True"
"nime2002_161.pdf","True","True"
"nime2002_165.pdf","True","True"
"nime2002_167.pdf","True","True"
"nime2002_171.pdf","True","True"
"nime2002_177.pdf","True","True"
"nime2002_181.pdf","True","True"
"nime2002_186.pdf","True","True"
"nime2002_192.pdf","True","True"
"nime2002_195.pdf","True","True"
"nime2002_199.pdf","True","True"
"nime2002_201.pdf","True","True"
"nime2003_003.pdf","True","True"
"nime2003_009.pdf","True","True"
"nime2003_015.pdf","True","True"
"nime2003_019.pdf","True","True"
"nime2003_024.pdf","True","True"
"nime2003_030.pdf","True","True"
"nime2003_036.pdf","True","True"
"nime2003_042.pdf","True","True"
"nime2003_048.pdf","True","True"
"nime2003_054.pdf","True","True"
"nime2003_063.pdf","True","True"
"nime2003_070.pdf","True","True"
"nime2003_077.pdf","True","True"
"nime2003_083.pdf","True","True"
"nime2003_087.pdf","True","True"
"nime2003_091.pdf","True","True"
"nime2003_095.pdf","True","True"
"nime2003_099.pdf","True","True"
"nime2003_104.pdf","True","True"
"nime2003_109.pdf","True","True"
"nime2003_116.pdf","True","True"
"nime2003_122.pdf","True","True"
"nime2003_129.pdf","True","True"
"nime2003_135.pdf","True","True"
"nime2003_140.pdf","True","True"
"nime2003_146.pdf","True","True"
"nime2003_151.pdf","True","True"
"nime2003_153.pdf","True","True"
"nime2003_161.pdf","True","True"
"nime2003_164.pdf","True","True"
"nime2003_170.pdf","True","True"
"nime2003_180.pdf","True","True"
"nime2003_184.pdf","True","True"
"nime2003_188.pdf","True","True"
"nime2003_192.pdf","True","True"
"nime2003_197.pdf","True","True"
"nime2003_201.pdf","True","True"
"nime2003_206.pdf","True","True"
"nime2003_208.pdf","True","True"
"nime2003_211.pdf","True","True"
"nime2003_213.pdf","True","True"
"nime2003_216.pdf","True","True"
"nime2003_218.pdf","True","True"
"nime2003_220.pdf","True","True"
"nime2003_222.pdf","True","True"
"nime2003_225.pdf","True","True"
"nime2003_228.pdf","True","True"
"nime2003_235.pdf","True","True"
"nime2004_001.pdf","True","True"
"nime2004_007.pdf","True","True"
"nime2004_013.pdf","True","True"
"nime2004_019.pdf","True","True"
"nime2004_023.pdf","True","True"
"nime2004_027.pdf","True","True"
"nime2004_031.pdf","True","True"
"nime2004_035.pdf","True","True"
"nime2004_039.pdf","True","True"
"nime2004_043.pdf","True","True"
"nime2004_047.pdf","True","True"
"nime2004_051.pdf","True","True"
"nime2004_055.pdf","True","True"
"nime2004_059.pdf","True","True"
"nime2004_064.pdf","True","True"
"nime2004_068.pdf","True","True"
"nime2004_074.pdf","True","True"
"nime2004_080.pdf","True","True"
"nime2004_087.pdf","True","True"
"nime2004_092.pdf","True","True"
"nime2004_096.pdf","True","True"
"nime2004_100.pdf","True","True"
"nime2004_104.pdf","True","True"
"nime2004_108.pdf","True","True"
"nime2004_112.pdf","True","True"
"nime2004_116.pdf","True","True"
"nime2004_120.pdf","True","True"
"nime2004_124.pdf","True","True"
"nime2004_130.pdf","True","True"
"nime2004_132.pdf","True","True"
"nime2004_138.pdf","True","True"
"nime2004_144.pdf","True","True"
"nime2004_150.pdf","True","True"
"nime2004_154.pdf","True","True"
"nime2004_157.pdf","True","True"
"nime2004_161.pdf","True","True"
"nime2004_165.pdf","True","True"
"nime2004_169.pdf","True","True"
"nime2004_173.pdf","True","True"
"nime2004_177.pdf","True","True"
"nime2004_181.pdf","True","True"
"nime2004_185.pdf","True","True"
"nime2004_189.pdf","True","True"
"nime2004_193.pdf","True","True"
"nime2004_197.pdf","True","True"
"nime2004_199.pdf","True","True"
"nime2004_201.pdf","True","True"
"nime2004_203.pdf","True","True"
"nime2004_205.pdf","True","True"
"nime2004_207.pdf","True","True"
"nime2004_209.pdf","True","True"
"nime2004_211.pdf","True","True"
"nime2004_213.pdf","True","True"
"nime2004_215.pdf","True","True"
"nime2005_001.pdf","True","True"
"nime2005_002.pdf","True","True"
"nime2005_004.pdf","True","True"
"nime2005_005.pdf","True","True"
"nime2005_011.pdf","True","True"
"nime2005_017.pdf","True","True"
"nime2005_023.pdf","True","True"
"nime2005_027.pdf","True","True"
"nime2005_034.pdf","True","True"
"nime2005_038.pdf","True","True"
"nime2005_042.pdf","True","True"
"nime2005_046.pdf","True","True"
"nime2005_050.pdf","True","True"
"nime2005_056.pdf","True","True"
"nime2005_060.pdf","True","True"
"nime2005_065.pdf","True","True"
"nime2005_070.pdf","True","True"
"nime2005_076.pdf","True","True"
"nime2005_080.pdf","True","True"
"nime2005_085.pdf","True","True"
"nime2005_089.pdf","True","True"
"nime2005_093.pdf","True","True"
"nime2005_097.pdf","True","True"
"nime2005_101.pdf","True","True"
"nime2005_105.pdf","True","True"
"nime2005_109.pdf","True","True"
"nime2005_115.pdf","True","True"
"nime2005_121.pdf","True","True"
"nime2005_127.pdf","True","True"
"nime2005_132.pdf","True","True"
"nime2005_136.pdf","True","True"
"nime2005_140.pdf","True","True"
"nime2005_144.pdf","True","True"
"nime2005_148.pdf","True","True"
"nime2005_152.pdf","True","True"
"nime2005_156.pdf","True","True"
"nime2005_160.pdf","True","True"
"nime2005_164.pdf","True","True"
"nime2005_168.pdf","True","True"
"nime2005_172.pdf","True","True"
"nime2005_176.pdf","True","True"
"nime2005_180.pdf","True","True"
"nime2005_184.pdf","True","True"
"nime2005_188.pdf","True","True"
"nime2005_192.pdf","True","True"
"nime2005_196.pdf","True","True"
"nime2005_200.pdf","True","True"
"nime2005_204.pdf","True","True"
"nime2005_208.pdf","True","True"
"nime2005_212.pdf","True","True"
"nime2005_216.pdf","True","True"
"nime2005_220.pdf","True","True"
"nime2005_224.pdf","True","True"
"nime2005_228.pdf","True","True"
"nime2005_232.pdf","True","True"
"nime2005_236.pdf","True","True"
"nime2005_238.pdf","True","True"
"nime2005_240.pdf","True","True"
"nime2005_242.pdf","True","True"
"nime2005_244.pdf","True","True"
"nime2005_246.pdf","True","True"
"nime2005_248.pdf","True","True"
"nime2005_250.pdf","True","True"
"nime2005_252.pdf","True","True"
"nime2005_254.pdf","True","True"
"nime2005_256.pdf","True","True"
"nime2005_258.pdf","True","True"
"nime2005_260.pdf","True","True"
"nime2005_262.pdf","True","True"
"nime2005_264.pdf","True","True"
"nime2005_266.pdf","True","True"
"nime2005_268.pdf","True","True"
"nime2005_270.pdf","True","True"
"nime2005_271.pdf","True","True"
"nime2005_272.pdf","True","True"
"nime2005_273.pdf","True","True"
"nime2005_274.pdf","True","True"
"nime2006_022.pdf","True","True"
"nime2006_026.pdf","True","True"
"nime2006_031.pdf","True","True"
"nime2006_037.pdf","True","True"
"nime2006_043.pdf","True","True"
"nime2006_049.pdf","True","True"
"nime2006_053.pdf","True","True"
"nime2006_057.pdf","True","True"
"nime2006_061.pdf","True","True"
"nime2006_065.pdf","True","True"
"nime2006_071.pdf","True","True"
"nime2006_075.pdf","True","True"
"nime2006_077.pdf","True","True"
"nime2006_079.pdf","True","True"
"nime2006_081.pdf","True","True"
"nime2006_085.pdf","True","True"
"nime2006_089.pdf","True","True"
"nime2006_093.pdf","True","True"
"nime2006_097.pdf","True","True"
"nime2006_101.pdf","True","True"
"nime2006_103.pdf","True","True"
"nime2006_106.pdf","True","True"
"nime2006_110.pdf","True","True"
"nime2006_114.pdf","True","True"
"nime2006_118.pdf","True","True"
"nime2006_124.pdf","True","True"
"nime2006_129.pdf","True","True"
"nime2006_134.pdf","True","True"
"nime2006_140.pdf","True","True"
"nime2006_144.pdf","True","True"
"nime2006_150.pdf","True","True"
"nime2006_156.pdf","True","True"
"nime2006_162.pdf","True","True"
"nime2006_168.pdf","True","True"
"nime2006_172.pdf","True","True"
"nime2006_176.pdf","True","True"
"nime2006_180.pdf","True","True"
"nime2006_184.pdf","True","True"
"nime2006_188.pdf","True","True"
"nime2006_192.pdf","True","True"
"nime2006_196.pdf","True","True"
"nime2006_200.pdf","True","True"
"nime2006_204.pdf","True","True"
"nime2006_208.pdf","True","True"
"nime2006_212.pdf","True","True"
"nime2006_216.pdf","True","True"
"nime2006_220.pdf","True","True"
"nime2006_226.pdf","True","True"
"nime2006_230.pdf","True","True"
"nime2006_234.pdf","True","True"
"nime2006_240.pdf","True","True"
"nime2006_246.pdf","True","True"
"nime2006_250.pdf","True","True"
"nime2006_254.pdf","True","True"
"nime2006_260.pdf","True","True"
"nime2006_266.pdf","True","True"
"nime2006_272.pdf","True","True"
"nime2006_277.pdf","True","True"
"nime2006_283.pdf","True","True"
"nime2006_288.pdf","True","True"
"nime2006_292.pdf","True","True"
"nime2006_296.pdf","True","True"
"nime2006_300.pdf","True","True"
"nime2006_304.pdf","True","True"
"nime2006_308.pdf","True","True"
"nime2006_314.pdf","True","True"
"nime2006_318.pdf","True","True"
"nime2006_322.pdf","True","True"
"nime2006_326.pdf","True","True"
"nime2006_330.pdf","True","True"
"nime2006_334.pdf","True","True"
"nime2006_338.pdf","True","True"
"nime2006_342.pdf","True","True"
"nime2006_346.pdf","True","True"
"nime2006_352.pdf","True","True"
"nime2006_358.pdf","True","True"
"nime2006_364.pdf","True","True"
"nime2006_370.pdf","True","True"
"nime2006_376.pdf","True","True"
"nime2006_380.pdf","True","True"
"nime2006_384.pdf","True","True"
"nime2006_390.pdf","True","True"
"nime2006_396.pdf","True","True"
"nime2006_402.pdf","True","True"
"nime2006_407.pdf","True","True"
"nime2006_409.pdf","True","True"
"nime2007_027.pdf","True","True"
"nime2007_031.pdf","True","True"
"nime2007_037.pdf","True","True"
"nime2007_041.pdf","True","True"
"nime2007_046.pdf","True","True"
"nime2007_050.pdf","True","True"
"nime2007_056.pdf","True","True"
"nime2007_062.pdf","True","True"
"nime2007_066.pdf","True","True"
"nime2007_070.pdf","True","True"
"nime2007_078.pdf","True","True"
"nime2007_082.pdf","True","True"
"nime2007_088.pdf","True","True"
"nime2007_094.pdf","True","True"
"nime2007_100.pdf","True","True"
"nime2007_106.pdf","True","True"
"nime2007_112.pdf","True","True"
"nime2007_118.pdf","True","True"
"nime2007_124.pdf","True","True"
"nime2007_130.pdf","True","True"
"nime2007_136.pdf","True","True"
"nime2007_142.pdf","True","True"
"nime2007_148.pdf","True","True"
"nime2007_154.pdf","True","True"
"nime2007_160.pdf","True","True"
"nime2007_164.pdf","True","True"
"nime2007_168.pdf","True","True"
"nime2007_172.pdf","True","True"
"nime2007_178.pdf","True","True"
"nime2007_185.pdf","True","True"
"nime2007_191.pdf","True","True"
"nime2007_197.pdf","True","True"
"nime2007_203.pdf","True","True"
"nime2007_205.pdf","True","True"
"nime2007_209.pdf","True","True"
"nime2007_213.pdf","True","True"
"nime2007_220.pdf","True","True"
"nime2007_224.pdf","True","True"
"nime2007_228.pdf","True","True"
"nime2007_234.pdf","True","True"
"nime2007_238.pdf","True","True"
"nime2007_242.pdf","True","True"
"nime2007_246.pdf","True","True"
"nime2007_250.pdf","True","True"
"nime2007_254.pdf","True","True"
"nime2007_256.pdf","True","True"
"nime2007_260.pdf","True","True"
"nime2007_264.pdf","True","True"
"nime2007_270.pdf","True","True"
"nime2007_273.pdf","True","True"
"nime2007_277.pdf","True","True"
"nime2007_281.pdf","True","True"
"nime2007_285.pdf","True","True"
"nime2007_289.pdf","True","True"
"nime2007_293.pdf","True","True"
"nime2007_299.pdf","True","True"
"nime2007_301.pdf","True","True"
"nime2007_305.pdf","True","True"
"nime2007_309.pdf","True","True"
"nime2007_313.pdf","True","True"
"nime2007_317.pdf","True","True"
"nime2007_321.pdf","True","True"
"nime2007_327.pdf","True","True"
"nime2007_330.pdf","True","True"
"nime2007_334.pdf","True","True"
"nime2007_338.pdf","True","True"
"nime2007_344.pdf","True","True"
"nime2007_346.pdf","True","True"
"nime2007_352.pdf","True","True"
"nime2007_358.pdf","True","True"
"nime2007_363.pdf","True","True"
"nime2007_367.pdf","True","True"
"nime2007_371.pdf","True","True"
"nime2007_375.pdf","True","True"
"nime2007_379.pdf","True","True"
"nime2007_384.pdf","True","True"
"nime2007_386.pdf","True","True"
"nime2007_388.pdf","True","True"
"nime2007_390.pdf","True","True"
"nime2007_392.pdf","True","True"
"nime2007_394.pdf","True","True"
"nime2007_396.pdf","True","True"
"nime2007_401.pdf","True","True"
"nime2007_403.pdf","True","True"
"nime2007_405.pdf","True","True"
"nime2007_407.pdf","True","True"
"nime2007_409.pdf","True","True"
"nime2007_411.pdf","True","True"
"nime2007_415.pdf","True","True"
"nime2007_417.pdf","True","True"
"nime2007_420.pdf","True","True"
"nime2007_421.pdf","True","True"
"nime2007_422.pdf","True","True"
"nime2007_423.pdf","True","True"
"nime2007_424.pdf","True","True"
"nime2007_425.pdf","True","True"
"nime2007_426.pdf","True","True"
"nime2007_427.pdf","True","True"
"nime2007_428.pdf","True","True"
"nime2007_429.pdf","True","True"
"nime2007_430.pdf","True","True"
"nime2007_431.pdf","True","True"
"nime2007_432.pdf","True","True"
"nime2007_433.pdf","True","True"
"nime2008_003.pdf","True","True"
"nime2008_009.pdf","True","True"
"nime2008_013.pdf","True","True"
"nime2008_019.pdf","True","True"
"nime2008_024.pdf","True","True"
"nime2008_028.pdf","True","True"
"nime2008_034.pdf","True","True"
"nime2008_038.pdf","True","True"
"nime2008_044.pdf","True","True"
"nime2008_049.pdf","True","True"
"nime2008_053.pdf","True","True"
"nime2008_057.pdf","True","True"
"nime2008_061.pdf","True","True"
"nime2008_067.pdf","True","True"
"nime2008_071.pdf","True","False"
"nime2008_077.pdf","True","True"
"nime2008_081.pdf","True","True"
"nime2008_087.pdf","True","True"
"nime2008_091.pdf","True","True"
"nime2008_097.pdf","True","True"
"nime2008_103.pdf","True","True"
"nime2008_107.pdf","True","True"
"nime2008_113.pdf","True","True"
"nime2008_117.pdf","True","True"
"nime2008_122.pdf","True","True"
"nime2008_128.pdf","True","True"
"nime2008_134.pdf","True","True"
"nime2008_140.pdf","True","True"
"nime2008_144.pdf","True","True"
"nime2008_150.pdf","True","True"
"nime2008_154.pdf","True","True"
"nime2008_158.pdf","True","True"
"nime2008_164.pdf","True","True"
"nime2008_168.pdf","True","True"
"nime2008_175.pdf","True","True"
"nime2008_181.pdf","True","True"
"nime2008_185.pdf","True","True"
"nime2008_189.pdf","True","True"
"nime2008_193.pdf","True","True"
"nime2008_197.pdf","True","True"
"nime2008_203.pdf","True","True"
"nime2008_207.pdf","True","True"
"nime2008_211.pdf","True","True"
"nime2008_215.pdf","True","True"
"nime2008_219.pdf","True","True"
"nime2008_221.pdf","True","True"
"nime2008_225.pdf","True","True"
"nime2008_229.pdf","True","True"
"nime2008_233.pdf","True","True"
"nime2008_237.pdf","True","True"
"nime2008_241.pdf","True","True"
"nime2008_245.pdf","True","True"
"nime2008_249.pdf","True","True"
"nime2008_253.pdf","True","True"
"nime2008_257.pdf","True","True"
"nime2008_261.pdf","True","True"
"nime2008_265.pdf","True","True"
"nime2008_269.pdf","True","True"
"nime2008_273.pdf","True","True"
"nime2008_277.pdf","True","True"
"nime2008_281.pdf","True","True"
"nime2008_285.pdf","True","True"
"nime2008_289.pdf","True","True"
"nime2008_293.pdf","True","True"
"nime2008_299.pdf","True","True"
"nime2008_303.pdf","True","True"
"nime2008_307.pdf","True","True"
"nime2008_311.pdf","True","True"
"nime2008_315.pdf","True","True"
"nime2008_319.pdf","True","True"
"nime2008_325.pdf","True","True"
"nime2008_331.pdf","True","True"
"nime2008_335.pdf","True","True"
"nime2008_339.pdf","True","True"
"nime2008_345.pdf","True","True"
"nime2008_347.pdf","True","True"
"nime2008_349.pdf","True","True"
"nime2008_352.pdf","True","True"
"nime2008_354.pdf","True","True"
"nime2008_356.pdf","True","True"
"nime2008_358.pdf","True","True"
"nime2008_360.pdf","True","True"
"nime2008_362.pdf","True","True"
"nime2008_364.pdf","True","True"
"nime2008_366.pdf","True","True"
"nime2008_370.pdf","True","True"
"nime2008_372.pdf","True","True"
"nime2009_001.pdf","True","True"
"nime2009_007.pdf","True","True"
"nime2009_013.pdf","True","True"
"nime2009_019.pdf","True","True"
"nime2009_025.pdf","True","True"
"nime2009_029.pdf","True","True"
"nime2009_031.pdf","True","True"
"nime2009_033.pdf","True","True"
"nime2009_035.pdf","True","True"
"nime2009_037.pdf","True","True"
"nime2009_039.pdf","True","True"
"nime2009_041.pdf","True","True"
"nime2009_043.pdf","True","True"
"nime2009_045.pdf","True","True"
"nime2009_048.pdf","True","True"
"nime2009_050.pdf","True","True"
"nime2009_052.pdf","True","True"
"nime2009_054.pdf","True","True"
"nime2009_056.pdf","True","True"
"nime2009_058.pdf","True","True"
"nime2009_060.pdf","True","True"
"nime2009_062.pdf","True","True"
"nime2009_064.pdf","True","True"
"nime2009_070.pdf","True","True"
"nime2009_074.pdf","True","True"
"nime2009_078.pdf","True","True"
"nime2009_082.pdf","True","True"
"nime2009_086.pdf","True","True"
"nime2009_090.pdf","True","True"
"nime2009_094.pdf","True","True"
"nime2009_098.pdf","True","True"
"nime2009_102.pdf","True","True"
"nime2009_106.pdf","True","True"
"nime2009_110.pdf","True","True"
"nime2009_116.pdf","True","True"
"nime2009_121.pdf","True","True"
"nime2009_125.pdf","True","True"
"nime2009_131.pdf","True","True"
"nime2009_135.pdf","True","True"
"nime2009_141.pdf","True","True"
"nime2009_147.pdf","True","True"
"nime2009_149.pdf","True","True"
"nime2009_151.pdf","True","True"
"nime2009_153.pdf","True","True"
"nime2009_155.pdf","True","True"
"nime2009_157.pdf","True","True"
"nime2009_159.pdf","True","True"
"nime2009_161.pdf","True","True"
"nime2009_163.pdf","True","True"
"nime2009_165.pdf","True","True"
"nime2009_169.pdf","True","True"
"nime2009_171.pdf","True","True"
"nime2009_173.pdf","True","True"
"nime2009_175.pdf","True","True"
"nime2009_177.pdf","True","True"
"nime2009_183.pdf","True","True"
"nime2009_187.pdf","True","True"
"nime2009_193.pdf","True","True"
"nime2009_199.pdf","True","True"
"nime2009_203.pdf","True","True"
"nime2009_207.pdf","True","True"
"nime2009_213.pdf","True","True"
"nime2009_218.pdf","True","True"
"nime2009_222.pdf","True","True"
"nime2009_226.pdf","True","True"
"nime2009_230.pdf","True","True"
"nime2009_236.pdf","True","True"
"nime2009_242.pdf","True","True"
"nime2009_246.pdf","True","True"
"nime2009_250.pdf","True","True"
"nime2009_256.pdf","True","True"
"nime2009_260.pdf","True","True"
"nime2009_262.pdf","True","True"
"nime2009_264.pdf","True","True"
"nime2009_266.pdf","True","True"
"nime2009_268.pdf","True","True"
"nime2009_270.pdf","True","True"
"nime2009_274.pdf","True","True"
"nime2009_276.pdf","True","True"
"nime2009_280.pdf","True","True"
"nime2009_286.pdf","True","True"
"nime2009_290.pdf","True","True"
"nime2009_293.pdf","True","True"
"nime2009_297.pdf","True","True"
"nime2009_303.pdf","True","True"
"nime2009_308.pdf","True","True"
"nime2009_312.pdf","True","True"
"nime2009_316.pdf","True","True"
"nime2009_320.pdf","True","True"
"nime2009_321.pdf","True","True"
"nime2009_322.pdf","True","True"
"nime2009_323.pdf","True","True"
"nime2009_324.pdf","True","True"
"nime2009_325.pdf","True","True"
"nime2009_326.pdf","True","True"
"nime2009_327.pdf","True","True"
"nime2009_328.pdf","True","True"
"nime2009_329.pdf","True","True"
"nime2009_330.pdf","True","True"
"nime2009_331.pdf","True","True"
"nime2009_332.pdf","True","True"
"nime2009_333.pdf","True","True"
"nime2009_334.pdf","True","True"
"nime2009_335.pdf","True","True"
"nime2009_336.pdf","True","True"
"nime2009_337.pdf","True","True"
"nime2009_338.pdf","True","True"
"nime2009_339.pdf","True","True"
"nime2009_340.pdf","True","True"
"nime2009_341.pdf","True","True"
"nime2010_001.pdf","True","True"
"nime2010_007.pdf","True","True"
"nime2010_013.pdf","True","True"
"nime2010_019.pdf","True","True"
"nime2010_023.pdf","True","True"
"nime2010_026.pdf","True","True"
"nime2010_031.pdf","True","True"
"nime2010_037.pdf","True","True"
"nime2010_043.pdf","True","True"
"nime2010_047.pdf","True","True"
"nime2010_051.pdf","True","True"
"nime2010_057.pdf","True","True"
"nime2010_063.pdf","True","True"
"nime2010_069.pdf","True","True"
"nime2010_072.pdf","True","True"
"nime2010_076.pdf","True","True"
"nime2010_082.pdf","True","True"
"nime2010_088.pdf","True","True"
"nime2010_094.pdf","True","True"
"nime2010_100.pdf","True","True"
"nime2010_106.pdf","True","True"
"nime2010_112.pdf","True","True"
"nime2010_116.pdf","True","True"
"nime2010_120.pdf","True","True"
"nime2010_125.pdf","True","True"
"nime2010_130.pdf","True","True"
"nime2010_136.pdf","True","True"
"nime2010_140.pdf","True","True"
"nime2010_144.pdf","True","True"
"nime2010_150.pdf","True","True"
"nime2010_156.pdf","True","True"
"nime2010_162.pdf","True","True"
"nime2010_166.pdf","True","True"
"nime2010_170.pdf","True","True"
"nime2010_174.pdf","True","True"
"nime2010_178.pdf","True","True"
"nime2010_182.pdf","True","True"
"nime2010_186.pdf","True","True"
"nime2010_192.pdf","True","True"
"nime2010_198.pdf","True","True"
"nime2010_204.pdf","True","True"
"nime2010_208.pdf","True","True"
"nime2010_212.pdf","True","True"
"nime2010_217.pdf","True","True"
"nime2010_223.pdf","True","True"
"nime2010_229.pdf","True","True"
"nime2010_233.pdf","True","True"
"nime2010_238.pdf","True","True"
"nime2010_244.pdf","True","True"
"nime2010_250.pdf","True","True"
"nime2010_255.pdf","True","True"
"nime2010_259.pdf","True","True"
"nime2010_263.pdf","True","True"
"nime2010_271.pdf","True","True"
"nime2010_277.pdf","True","True"
"nime2010_283.pdf","True","True"
"nime2010_287.pdf","True","True"
"nime2010_291.pdf","True","True"
"nime2010_297.pdf","True","True"
"nime2010_303.pdf","True","True"
"nime2010_309.pdf","True","True"
"nime2010_315.pdf","True","True"
"nime2010_319.pdf","True","True"
"nime2010_323.pdf","True","True"
"nime2010_327.pdf","True","True"
"nime2010_331.pdf","True","True"
"nime2010_335.pdf","True","True"
"nime2010_339.pdf","True","True"
"nime2010_343.pdf","True","True"
"nime2010_348.pdf","True","True"
"nime2010_352.pdf","True","True"
"nime2010_356.pdf","True","True"
"nime2010_360.pdf","True","True"
"nime2010_364.pdf","True","True"
"nime2010_368.pdf","True","True"
"nime2010_372.pdf","True","True"
"nime2010_375.pdf","True","True"
"nime2010_377.pdf","True","True"
"nime2010_380.pdf","True","True"
"nime2010_383.pdf","True","True"
"nime2010_387.pdf","True","True"
"nime2010_391.pdf","True","True"
"nime2010_395.pdf","True","True"
"nime2010_399.pdf","True","True"
"nime2010_403.pdf","True","True"
"nime2010_407.pdf","True","True"
"nime2010_411.pdf","True","True"
"nime2010_415.pdf","True","True"
"nime2010_419.pdf","True","True"
"nime2010_423.pdf","True","True"
"nime2010_427.pdf","True","True"
"nime2010_431.pdf","True","True"
"nime2010_436.pdf","True","True"
"nime2010_440.pdf","True","True"
"nime2010_444.pdf","True","True"
"nime2010_447.pdf","True","True"
"nime2010_451.pdf","True","True"
"nime2010_455.pdf","True","True"
"nime2010_459.pdf","True","True"
"nime2010_463.pdf","True","True"
"nime2010_467.pdf","True","True"
"nime2010_469.pdf","True","True"
"nime2010_473.pdf","True","True"
"nime2010_477.pdf","True","True"
"nime2010_479.pdf","True","True"
"nime2010_481.pdf","True","True"
"nime2010_485.pdf","True","True"
"nime2010_489.pdf","True","True"
"nime2010_493.pdf","True","True"
"nime2010_497.pdf","True","True"
"nime2010_501.pdf","True","True"
"nime2011_004.pdf","True","True"
"nime2011_008.pdf","True","True"
"nime2011_014.pdf","True","True"
"nime2011_018.pdf","True","True"
"nime2011_024.pdf","True","True"
"nime2011_028.pdf","True","True"
"nime2011_032.pdf","True","True"
"nime2011_036.pdf","True","True"
"nime2011_040.pdf","True","True"
"nime2011_044.pdf","True","True"
"nime2011_048.pdf","True","True"
"nime2011_052.pdf","True","True"
"nime2011_056.pdf","True","True"
"nime2011_060.pdf","True","True"
"nime2011_064.pdf","True","True"
"nime2011_068.pdf","True","True"
"nime2011_072.pdf","True","True"
"nime2011_076.pdf","True","True"
"nime2011_080.pdf","True","True"
"nime2011_084.pdf","True","True"
"nime2011_088.pdf","True","True"
"nime2011_092.pdf","True","True"
"nime2011_096.pdf","True","True"
"nime2011_100.pdf","True","True"
"nime2011_104.pdf","True","True"
"nime2011_108.pdf","True","True"
"nime2011_112.pdf","True","True"
"nime2011_116.pdf","True","True"
"nime2011_120.pdf","True","True"
"nime2011_124.pdf","True","True"
"nime2011_128.pdf","True","True"
"nime2011_132.pdf","True","True"
"nime2011_136.pdf","True","True"
"nime2011_138.pdf","True","True"
"nime2011_140.pdf","True","True"
"nime2011_142.pdf","True","True"
"nime2011_144.pdf","True","True"
"nime2011_149.pdf","True","True"
"nime2011_155.pdf","True","True"
"nime2011_161.pdf","True","True"
"nime2011_167.pdf","True","True"
"nime2011_173.pdf","True","True"
"nime2011_179.pdf","True","True"
"nime2011_185.pdf","True","True"
"nime2011_191.pdf","True","True"
"nime2011_197.pdf","True","True"
"nime2011_203.pdf","True","True"
"nime2011_207.pdf","True","True"
"nime2011_211.pdf","True","True"
"nime2011_217.pdf","True","True"
"nime2011_220.pdf","True","True"
"nime2011_224.pdf","True","True"
"nime2011_228.pdf","True","True"
"nime2011_232.pdf","True","True"
"nime2011_236.pdf","True","True"
"nime2011_240.pdf","True","True"
"nime2011_244.pdf","True","True"
"nime2011_248.pdf","True","True"
"nime2011_252.pdf","True","True"
"nime2011_256.pdf","True","True"
"nime2011_260.pdf","True","True"
"nime2011_264.pdf","True","True"
"nime2011_268.pdf","True","True"
"nime2011_272.pdf","True","True"
"nime2011_276.pdf","True","True"
"nime2011_280.pdf","True","True"
"nime2011_284.pdf","True","True"
"nime2011_288.pdf","True","True"
"nime2011_292.pdf","True","True"
"nime2011_296.pdf","True","True"
"nime2011_300.pdf","True","True"
"nime2011_304.pdf","True","True"
"nime2011_308.pdf","True","True"
"nime2011_312.pdf","True","True"
"nime2011_316.pdf","True","True"
"nime2011_320.pdf","False","True"
"nime2011_322.pdf","True","True"
"nime2011_324.pdf","True","True"
"nime2011_326.pdf","True","True"
"nime2011_329.pdf","True","True"
"nime2011_331.pdf","True","True"
"nime2011_337.pdf","True","True"
"nime2011_343.pdf","True","True"
"nime2011_349.pdf","True","True"
"nime2011_355.pdf","True","True"
"nime2011_361.pdf","True","True"
"nime2011_367.pdf","True","True"
"nime2011_373.pdf","True","True"
"nime2011_377.pdf","True","True"
"nime2011_381.pdf","True","True"
"nime2011_387.pdf","True","True"
"nime2011_393.pdf","True","True"
"nime2011_399.pdf","True","True"
"nime2011_405.pdf","True","True"
"nime2011_409.pdf","True","True"
"nime2011_413.pdf","True","True"
"nime2011_417.pdf","True","True"
"nime2011_421.pdf","True","True"
"nime2011_425.pdf","True","True"
"nime2011_429.pdf","True","True"
"nime2011_433.pdf","True","True"
"nime2011_437.pdf","True","True"
"nime2011_441.pdf","True","True"
"nime2011_445.pdf","True","True"
"nime2011_448.pdf","True","True"
"nime2011_453.pdf","True","True"
"nime2011_457.pdf","True","True"
"nime2011_461.pdf","True","True"
"nime2011_465.pdf","True","True"
"nime2011_469.pdf","True","True"
"nime2011_473.pdf","True","True"
"nime2011_477.pdf","True","True"
"nime2011_481.pdf","True","True"
"nime2011_487.pdf","True","True"
"nime2011_491.pdf","True","True"
"nime2011_495.pdf","True","True"
"nime2011_499.pdf","True","True"
"nime2011_503.pdf","True","True"
"nime2011_507.pdf","True","True"
"nime2011_511.pdf","True","True"
"nime2011_515.pdf","True","True"
"nime2011_519.pdf","True","True"
"nime2011_523.pdf","True","True"
"nime2011_527.pdf","True","True"
"nime2011_529.pdf","True","True"
"nime2011_531.pdf","True","True"
"nime2011_533.pdf","True","True"
"nime2011_535.pdf","True","True"
"nime2011_537.pdf","True","True"
"nime2011_539.pdf","True","True"
"nime2012_100.pdf","True","True"
"nime2012_101.pdf","True","True"
"nime2012_102.pdf","True","True"
"nime2012_105.pdf","True","True"
"nime2012_108.pdf","True","True"
"nime2012_109.pdf","True","True"
"nime2012_114.pdf","True","True"
"nime2012_117.pdf","True","True"
"nime2012_119.pdf","True","True"
"nime2012_120.pdf","True","True"
"nime2012_123.pdf","True","True"
"nime2012_125.pdf","True","True"
"nime2012_128.pdf","True","True"
"nime2012_131.pdf","True","True"
"nime2012_132.pdf","True","True"
"nime2012_133.pdf","True","True"
"nime2012_136.pdf","True","True"
"nime2012_142.pdf","True","True"
"nime2012_149.pdf","True","True"
"nime2012_150.pdf","True","True"
"nime2012_152.pdf","True","True"
"nime2012_153.pdf","True","True"
"nime2012_155.pdf","True","True"
"nime2012_159.pdf","True","True"
"nime2012_161.pdf","True","True"
"nime2012_162.pdf","True","True"
"nime2012_164.pdf","True","True"
"nime2012_167.pdf","True","True"
"nime2012_168.pdf","True","True"
"nime2012_169.pdf","True","True"
"nime2012_170.pdf","True","True"
"nime2012_171.pdf","True","True"
"nime2012_174.pdf","True","True"
"nime2012_175.pdf","True","True"
"nime2012_177.pdf","True","True"
"nime2012_179.pdf","True","True"
"nime2012_180.pdf","True","True"
"nime2012_181.pdf","True","True"
"nime2012_182.pdf","True","True"
"nime2012_185.pdf","True","True"
"nime2012_187.pdf","True","True"
"nime2012_189.pdf","True","True"
"nime2012_193.pdf","True","True"
"nime2012_194.pdf","True","True"
"nime2012_195.pdf","True","True"
"nime2012_197.pdf","True","True"
"nime2012_198.pdf","True","True"
"nime2012_199.pdf","True","True"
"nime2012_20.pdf","True","True"
"nime2012_200.pdf","True","True"
"nime2012_201.pdf","True","True"
"nime2012_202.pdf","True","True"
"nime2012_203.pdf","True","True"
"nime2012_205.pdf","True","True"
"nime2012_208.pdf","True","True"
"nime2012_209.pdf","True","True"
"nime2012_211.pdf","True","True"
"nime2012_212.pdf","True","True"
"nime2012_213.pdf","True","True"
"nime2012_214.pdf","True","True"
"nime2012_215.pdf","True","True"
"nime2012_216.pdf","True","True"
"nime2012_217.pdf","True","True"
"nime2012_222.pdf","True","True"
"nime2012_223.pdf","True","True"
"nime2012_226.pdf","True","True"
"nime2012_228.pdf","True","True"
"nime2012_229.pdf","True","True"
"nime2012_230.pdf","True","True"
"nime2012_232.pdf","True","True"
"nime2012_235.pdf","True","True"
"nime2012_237.pdf","True","True"
"nime2012_240.pdf","True","True"
"nime2012_241.pdf","True","True"
"nime2012_243.pdf","True","True"
"nime2012_247.pdf","True","True"
"nime2012_248.pdf","True","True"
"nime2012_25.pdf","True","True"
"nime2012_253.pdf","True","True"
"nime2012_254.pdf","True","True"
"nime2012_256.pdf","True","True"
"nime2012_257.pdf","True","True"
"nime2012_258.pdf","True","True"
"nime2012_259.pdf","True","True"
"nime2012_260.pdf","True","True"
"nime2012_262.pdf","True","True"
"nime2012_264.pdf","True","True"
"nime2012_271.pdf","True","True"
"nime2012_272.pdf","True","True"
"nime2012_275.pdf","True","True"
"nime2012_279.pdf","True","True"
"nime2012_284.pdf","True","True"
"nime2012_291.pdf","True","True"
"nime2012_292.pdf","True","True"
"nime2012_293.pdf","True","True"
"nime2012_297.pdf","True","True"
"nime2012_299.pdf","True","True"
"nime2012_30.pdf","True","True"
"nime2012_301.pdf","True","True"
"nime2012_303.pdf","True","True"
"nime2012_308.pdf","True","True"
"nime2012_309.pdf","True","True"
"nime2012_310.pdf","True","True"
"nime2012_315.pdf","True","True"
"nime2012_36.pdf","True","True"
"nime2012_37.pdf","True","True"
"nime2012_47.pdf","True","True"
"nime2012_48.pdf","True","True"
"nime2012_57.pdf","True","True"
"nime2012_60.pdf","True","True"
"nime2012_61.pdf","True","True"
"nime2012_62.pdf","True","True"
"nime2012_63.pdf","True","True"
"nime2012_64.pdf","True","True"
"nime2012_66.pdf","True","True"
"nime2012_68.pdf","True","True"
"nime2012_70.pdf","True","True"
"nime2012_73.pdf","True","True"
"nime2012_74.pdf","True","True"
"nime2012_77.pdf","True","True"
"nime2012_8.pdf","True","True"
"nime2012_82.pdf","True","True"
"nime2012_87.pdf","True","True"
"nime2012_88.pdf","True","True"
"nime2012_9.pdf","True","True"
"nime2012_94.pdf","True","True"
"nime2012_96.pdf","True","True"
"nime2012_98.pdf","True","True"
"nime2012_99.pdf","True","True"
"nime2013_101.pdf","True","True"
"nime2013_106.pdf","True","True"
"nime2013_109.pdf","True","True"
"nime2013_110.pdf","True","True"
"nime2013_111.pdf","True","True"
"nime2013_113.pdf","True","True"
"nime2013_114.pdf","True","True"
"nime2013_116.pdf","True","True"
"nime2013_117.pdf","True","True"
"nime2013_119.pdf","True","True"
"nime2013_120.pdf","True","True"
"nime2013_121.pdf","True","True"
"nime2013_122.pdf","True","True"
"nime2013_126.pdf","True","True"
"nime2013_127.pdf","True","True"
"nime2013_130.pdf","True","True"
"nime2013_132.pdf","True","True"
"nime2013_137.pdf","True","True"
"nime2013_139.pdf","True","True"
"nime2013_143.pdf","True","True"
"nime2013_144.pdf","True","True"
"nime2013_145.pdf","True","True"
"nime2013_146.pdf","True","True"
"nime2013_149.pdf","True","True"
"nime2013_150.pdf","True","True"
"nime2013_151.pdf","True","True"
"nime2013_152.pdf","True","True"
"nime2013_156.pdf","True","True"
"nime2013_157.pdf","True","True"
"nime2013_158.pdf","True","True"
"nime2013_159.pdf","True","True"
"nime2013_16.pdf","True","True"
"nime2013_161.pdf","True","True"
"nime2013_164.pdf","True","True"
"nime2013_170.pdf","True","True"
"nime2013_178.pdf","True","True"
"nime2013_181.pdf","True","True"
"nime2013_192.pdf","True","True"
"nime2013_195.pdf","True","True"
"nime2013_196.pdf","True","True"
"nime2013_197.pdf","True","True"
"nime2013_198.pdf","True","True"
"nime2013_199.pdf","True","True"
"nime2013_200.pdf","True","True"
"nime2013_203.pdf","True","True"
"nime2013_206.pdf","True","True"
"nime2013_208.pdf","True","True"
"nime2013_21.pdf","True","True"
"nime2013_210.pdf","True","True"
"nime2013_214.pdf","True","True"
"nime2013_216.pdf","True","True"
"nime2013_219.pdf","True","True"
"nime2013_220.pdf","True","True"
"nime2013_224.pdf","True","True"
"nime2013_227.pdf","True","True"
"nime2013_228.pdf","True","True"
"nime2013_23.pdf","True","True"
"nime2013_232.pdf","True","True"
"nime2013_233.pdf","True","True"
"nime2013_234.pdf","True","True"
"nime2013_235.pdf","True","True"
"nime2013_236.pdf","True","True"
"nime2013_238.pdf","True","True"
"nime2013_24.pdf","True","True"
"nime2013_240.pdf","True","True"
"nime2013_241.pdf","True","True"
"nime2013_244.pdf","True","True"
"nime2013_245.pdf","True","True"
"nime2013_246.pdf","True","True"
"nime2013_247.pdf","True","True"
"nime2013_250.pdf","True","True"
"nime2013_251.pdf","True","True"
"nime2013_254.pdf","True","True"
"nime2013_258.pdf","True","True"
"nime2013_261.pdf","True","True"
"nime2013_265.pdf","True","True"
"nime2013_266.pdf","True","True"
"nime2013_268.pdf","True","True"
"nime2013_273.pdf","True","True"
"nime2013_275.pdf","True","True"
"nime2013_277.pdf","True","True"
"nime2013_28.pdf","True","True"
"nime2013_281.pdf","True","True"
"nime2013_282.pdf","True","True"
"nime2013_286.pdf","True","True"
"nime2013_287.pdf","True","True"
"nime2013_288.pdf","True","True"
"nime2013_291.pdf","True","True"
"nime2013_295.pdf","True","True"
"nime2013_300.pdf","True","True"
"nime2013_303.pdf","True","True"
"nime2013_304.pdf","True","True"
"nime2013_305.pdf","True","True"
"nime2013_310.pdf","True","True"
"nime2013_32.pdf","True","True"
"nime2013_36.pdf","True","True"
"nime2013_4.pdf","True","True"
"nime2013_44.pdf","True","True"
"nime2013_46.pdf","True","True"
"nime2013_48.pdf","True","True"
"nime2013_49.pdf","True","True"
"nime2013_50.pdf","True","True"
"nime2013_51.pdf","True","True"
"nime2013_57.pdf","True","True"
"nime2013_60.pdf","True","True"
"nime2013_62.pdf","True","True"
"nime2013_65.pdf","True","True"
"nime2013_66.pdf","True","True"
"nime2013_75.pdf","True","True"
"nime2013_79.pdf","True","True"
"nime2013_81.pdf","True","True"
"nime2013_84.pdf","True","True"
"nime2013_86.pdf","True","True"
"nime2013_90.pdf","True","True"
"nime2013_92.pdf","True","True"
"nime2013_94.pdf","True","True"
"nime2013_97.pdf","True","True"
"nime2013_99.pdf","True","True"
"nime2014_2.pdf","True","True"
"nime2014_254.pdf","True","True"
"nime2014_268.pdf","True","True"
"nime2014_272.pdf","True","True"
"nime2014_273.pdf","True","True"
"nime2014_275.pdf","True","True"
"nime2014_276.pdf","True","True"
"nime2014_277.pdf","True","True"
"nime2014_279.pdf","True","True"
"nime2014_281.pdf","True","True"
"nime2014_284.pdf","True","True"
"nime2014_288.pdf","True","True"
"nime2014_289.pdf","True","True"
"nime2014_290.pdf","True","True"
"nime2014_292.pdf","True","True"
"nime2014_296.pdf","True","True"
"nime2014_300.pdf","True","True"
"nime2014_301.pdf","True","True"
"nime2014_302.pdf","True","True"
"nime2014_303.pdf","True","True"
"nime2014_307.pdf","True","True"
"nime2014_308.pdf","True","True"
"nime2014_309.pdf","True","True"
"nime2014_310.pdf","True","True"
"nime2014_311.pdf","True","True"
"nime2014_313.pdf","True","True"
"nime2014_314.pdf","True","True"
"nime2014_315.pdf","True","True"
"nime2014_324.pdf","True","True"
"nime2014_325.pdf","True","True"
"nime2014_327.pdf","True","True"
"nime2014_328.pdf","True","True"
"nime2014_333.pdf","True","True"
"nime2014_334.pdf","True","True"
"nime2014_336.pdf","True","True"
"nime2014_339.pdf","True","True"
"nime2014_340.pdf","True","True"
"nime2014_343.pdf","True","True"
"nime2014_345.pdf","True","True"
"nime2014_348.pdf","True","True"
"nime2014_349.pdf","True","True"
"nime2014_351.pdf","True","True"
"nime2014_352.pdf","True","True"
"nime2014_353.pdf","True","True"
"nime2014_355.pdf","True","True"
"nime2014_360.pdf","True","True"
"nime2014_363.pdf","True","True"
"nime2014_364.pdf","True","True"
"nime2014_367.pdf","True","True"
"nime2014_368.pdf","True","True"
"nime2014_369.pdf","True","True"
"nime2014_370.pdf","True","True"
"nime2014_371.pdf","True","True"
"nime2014_373.pdf","True","True"
"nime2014_377.pdf","True","True"
"nime2014_378.pdf","True","True"
"nime2014_379.pdf","True","True"
"nime2014_380.pdf","True","True"
"nime2014_385.pdf","True","True"
"nime2014_386.pdf","True","True"
"nime2014_393.pdf","True","True"
"nime2014_397.pdf","True","True"
"nime2014_399.pdf","True","True"
"nime2014_404.pdf","True","True"
"nime2014_405.pdf","True","True"
"nime2014_406.pdf","True","True"
"nime2014_407.pdf","True","True"
"nime2014_409.pdf","True","True"
"nime2014_411.pdf","True","True"
"nime2014_413.pdf","True","True"
"nime2014_415.pdf","True","True"
"nime2014_417.pdf","True","True"
"nime2014_418.pdf","True","True"
"nime2014_420.pdf","True","True"
"nime2014_421.pdf","True","True"
"nime2014_423.pdf","True","True"
"nime2014_424.pdf","True","True"
"nime2014_426.pdf","True","True"
"nime2014_429.pdf","True","True"
"nime2014_430.pdf","True","True"
"nime2014_434.pdf","True","True"
"nime2014_436.pdf","True","True"
"nime2014_437.pdf","True","True"
"nime2014_438.pdf","True","True"
"nime2014_439.pdf","True","True"
"nime2014_440.pdf","True","True"
"nime2014_442.pdf","True","True"
"nime2014_443.pdf","True","True"
"nime2014_444.pdf","True","True"
"nime2014_446.pdf","True","True"
"nime2014_447.pdf","True","True"
"nime2014_448.pdf","True","True"
"nime2014_449.pdf","True","True"
"nime2014_451.pdf","True","True"
"nime2014_460.pdf","True","True"
"nime2014_461.pdf","True","True"
"nime2014_464.pdf","True","True"
"nime2014_466.pdf","True","True"
"nime2014_467.pdf","True","True"
"nime2014_469.pdf","True","True"
"nime2014_470.pdf","True","True"
"nime2014_471.pdf","True","True"
"nime2014_472.pdf","True","True"
"nime2014_480.pdf","True","True"
"nime2014_481.pdf","True","True"
"nime2014_482.pdf","True","True"
"nime2014_484.pdf","True","True"
"nime2014_485.pdf","True","True"
"nime2014_486.pdf","True","True"
"nime2014_491.pdf","True","True"
"nime2014_492.pdf","True","True"
"nime2014_498.pdf","True","True"
"nime2014_501.pdf","True","True"
"nime2014_503.pdf","True","True"
"nime2014_506.pdf","True","True"
"nime2014_508.pdf","True","True"
"nime2014_509.pdf","True","True"
"nime2014_511.pdf","True","True"
"nime2014_513.pdf","True","True"
"nime2014_514.pdf","True","True"
"nime2014_515.pdf","True","True"
"nime2014_517.pdf","True","True"
"nime2014_518.pdf","True","True"
"nime2014_519.pdf","True","True"
"nime2014_521.pdf","True","True"
"nime2014_522.pdf","True","True"
"nime2014_523.pdf","True","True"
"nime2014_526.pdf","True","True"
"nime2014_530.pdf","True","True"
"nime2014_533.pdf","True","True"
"nime2014_534.pdf","True","True"
"nime2014_536.pdf","True","True"
"nime2014_538.pdf","True","True"
"nime2014_540.pdf","True","True"
"nime2014_541.pdf","True","True"
"nime2014_542.pdf","True","True"
"nime2014_544.pdf","True","True"
"nime2014_546.pdf","True","True"
"nime2014_550.pdf","True","True"
"nime2014_551.pdf","True","True"
"nime2014_552.pdf","True","True"
"nime2014_554.pdf","True","True"
"nime2014_558.pdf","True","True"
"nime2014_559.pdf","True","True"
"nime2014_560.pdf","True","True"
"nime2014_562.pdf","True","True"
"nime2014_568.pdf","True","True"
"nime2014_572.pdf","True","True"
"nime2015_103.pdf","True","True"
"nime2015_105.pdf","True","True"
"nime2015_117.pdf","True","True"
"nime2015_118.pdf","True","True"
"nime2015_119.pdf","True","True"
"nime2015_120.pdf","True","True"
"nime2015_121.pdf","True","True"
"nime2015_130.pdf","True","True"
"nime2015_141.pdf","True","True"
"nime2015_145.pdf","True","True"
"nime2015_146.pdf","True","True"
"nime2015_147.pdf","True","True"
"nime2015_148.pdf","True","True"
"nime2015_149.pdf","True","True"
"nime2015_151.pdf","True","True"
"nime2015_152.pdf","True","True"
"nime2015_153.pdf","True","True"
"nime2015_155.pdf","True","True"
"nime2015_157.pdf","True","True"
"nime2015_161.pdf","True","True"
"nime2015_163.pdf","True","True"
"nime2015_164.pdf","True","True"
"nime2015_165.pdf","True","True"
"nime2015_170.pdf","True","True"
"nime2015_171.pdf","True","True"
"nime2015_172.pdf","True","True"
"nime2015_173.pdf","True","True"
"nime2015_177.pdf","True","True"
"nime2015_178.pdf","True","True"
"nime2015_179.pdf","True","True"
"nime2015_183.pdf","True","True"
"nime2015_184.pdf","True","True"
"nime2015_187.pdf","True","True"
"nime2015_190.pdf","True","True"
"nime2015_191.pdf","True","True"
"nime2015_193.pdf","True","True"
"nime2015_195.pdf","True","True"
"nime2015_196.pdf","True","True"
"nime2015_198.pdf","True","True"
"nime2015_199.pdf","True","True"
"nime2015_200.pdf","True","True"
"nime2015_201.pdf","True","True"
"nime2015_202.pdf","True","True"
"nime2015_203.pdf","True","True"
"nime2015_204.pdf","True","True"
"nime2015_207.pdf","True","True"
"nime2015_208.pdf","True","True"
"nime2015_212.pdf","True","True"
"nime2015_214.pdf","True","True"
"nime2015_215.pdf","True","True"
"nime2015_216.pdf","True","True"
"nime2015_218.pdf","True","True"
"nime2015_220.pdf","True","True"
"nime2015_223.pdf","True","True"
"nime2015_227.pdf","True","True"
"nime2015_230.pdf","True","True"
"nime2015_235.pdf","True","True"
"nime2015_237.pdf","True","True"
"nime2015_242.pdf","True","True"
"nime2015_243.pdf","True","True"
"nime2015_244.pdf","True","True"
"nime2015_245.pdf","True","True"
"nime2015_246.pdf","True","True"
"nime2015_250.pdf","True","True"
"nime2015_252.pdf","True","True"
"nime2015_254.pdf","True","True"
"nime2015_258.pdf","True","True"
"nime2015_260.pdf","True","True"
"nime2015_261.pdf","True","True"
"nime2015_264.pdf","True","True"
"nime2015_265.pdf","True","True"
"nime2015_267.pdf","True","True"
"nime2015_269.pdf","True","True"
"nime2015_270.pdf","True","True"
"nime2015_272.pdf","True","True"
"nime2015_273.pdf","True","True"
"nime2015_275.pdf","True","True"
"nime2015_281.pdf","True","True"
"nime2015_283.pdf","True","True"
"nime2015_286.pdf","True","True"
"nime2015_287.pdf","True","True"
"nime2015_289.pdf","True","True"
"nime2015_291.pdf","True","True"
"nime2015_300.pdf","True","True"
"nime2015_301.pdf","True","True"
"nime2015_302.pdf","True","True"
"nime2015_303.pdf","True","True"
"nime2015_304.pdf","True","True"
"nime2015_308.pdf","True","True"
"nime2015_310.pdf","True","True"
"nime2015_311.pdf","True","True"
"nime2015_312.pdf","True","True"
"nime2015_313.pdf","True","True"
"nime2015_319.pdf","True","True"
"nime2015_320.pdf","True","True"
"nime2015_322.pdf","True","True"
"nime2015_323.pdf","True","True"
"nime2015_325.pdf","True","True"
"nime2015_329.pdf","True","True"
"nime2015_331.pdf","True","True"
"nime2015_333.pdf","True","True"
"nime2015_337.pdf","True","True"
"nime2015_351.pdf","True","True"
"nime2016_paper00012.pdf","True","True"
"nime2016_paper0002.pdf","True","True"
"nime2016_paper00022.pdf","True","True"
"nime2016_paper0003.pdf","True","True"
"nime2016_paper00032.pdf","True","True"
"nime2016_paper0004.pdf","True","True"
"nime2016_paper00042.pdf","True","True"
"nime2016_paper0005.pdf","True","True"
"nime2016_paper00052.pdf","True","True"
"nime2016_paper0006.pdf","True","True"
"nime2016_paper0007.pdf","True","True"
"nime2016_paper0008.pdf","True","True"
"nime2016_paper0009.pdf","True","True"
"nime2016_paper0010.pdf","True","True"
"nime2016_paper0011.pdf","True","True"
"nime2016_paper0012.pdf","True","True"
"nime2016_paper0013.pdf","True","True"
"nime2016_paper0014.pdf","True","True"
"nime2016_paper0015.pdf","True","True"
"nime2016_paper0016.pdf","True","True"
"nime2016_paper0017.pdf","True","True"
"nime2016_paper0018.pdf","True","True"
"nime2016_paper0019.pdf","True","True"
"nime2016_paper0020.pdf","True","True"
"nime2016_paper0022.pdf","True","True"
"nime2016_paper0023.pdf","True","True"
"nime2016_paper0024.pdf","True","True"
"nime2016_paper0025.pdf","True","True"
"nime2016_paper0027.pdf","True","True"
"nime2016_paper0028.pdf","True","True"
"nime2016_paper0029.pdf","True","True"
"nime2016_paper0030.pdf","True","True"
"nime2016_paper0031.pdf","True","True"
"nime2016_paper0032.pdf","True","True"
"nime2016_paper0033.pdf","True","True"
"nime2016_paper0034.pdf","True","True"
"nime2016_paper0035.pdf","True","True"
"nime2016_paper0036.pdf","True","True"
"nime2016_paper0037.pdf","True","True"
"nime2016_paper0038.pdf","True","True"
"nime2016_paper0039.pdf","True","True"
"nime2016_paper0040.pdf","True","True"
"nime2016_paper0041.pdf","True","True"
"nime2016_paper0042.pdf","True","True"
"nime2016_paper0043.pdf","True","True"
"nime2016_paper0044.pdf","True","True"
"nime2016_paper0045.pdf","True","True"
"nime2016_paper0046.pdf","True","True"
"nime2016_paper0047.pdf","True","True"
"nime2016_paper0048.pdf","True","True"
"nime2016_paper0049.pdf","True","True"
"nime2016_paper0050.pdf","True","True"
"nime2016_paper0051.pdf","True","True"
"nime2016_paper0052.pdf","True","True"
"nime2016_paper0053.pdf","True","True"
"nime2016_paper0054.pdf","True","True"
"nime2016_paper0056.pdf","True","True"
"nime2016_paper0057.pdf","True","True"
"nime2016_paper0058.pdf","True","True"
"nime2016_paper0059.pdf","True","True"
"nime2016_paper0060.pdf","True","True"
"nime2016_paper0061.pdf","True","True"
"nime2016_paper0062.pdf","True","True"
"nime2016_paper0063.pdf","True","True"
"nime2016_paper0064.pdf","True","True"
"nime2016_paper0065.pdf","True","True"
"nime2016_paper0066.pdf","True","True"
"nime2016_paper0067.pdf","True","True"
"nime2016_paper0068.pdf","True","True"
"nime2016_paper0069.pdf","True","True"
"nime2016_paper0070.pdf","True","True"
"nime2016_paper0071.pdf","True","True"
"nime2016_paper0072.pdf","True","True"
"nime2016_paper0073.pdf","True","True"
"nime2016_paper0074.pdf","True","True"
"nime2016_paper0075.pdf","True","True"
"nime2016_paper0076.pdf","True","True"
"nime2016_paper0077.pdf","True","True"
"nime2016_paper0078.pdf","True","True"
"nime2016_paper0079.pdf","True","True"
"nime2016_paper0080.pdf","True","True"
"nime2016_paper0081.pdf","True","True"
"nime2016_paper0082.pdf","True","True"
"nime2016_paper0083.pdf","True","True"
"nime2016_paper0084.pdf","True","True"
"nime2016_paper0085.pdf","True","True"
"nime2016_paper0086.pdf","True","True"
"nime2016_paper0087.pdf","True","True"
"nime2017_paper0001.pdf","True","True"
"nime2017_paper0002.pdf","True","True"
"nime2017_paper0003.pdf","True","True"
"nime2017_paper0004.pdf","True","True"
"nime2017_paper0005.pdf","True","True"
"nime2017_paper0006.pdf","True","True"
"nime2017_paper0007.pdf","True","True"
"nime2017_paper0008.pdf","True","True"
"nime2017_paper0009.pdf","True","True"
"nime2017_paper0010.pdf","True","True"
"nime2017_paper0011.pdf","True","True"
"nime2017_paper0012.pdf","True","True"
"nime2017_paper0013.pdf","True","True"
"nime2017_paper0014.pdf","True","True"
"nime2017_paper0015.pdf","True","True"
"nime2017_paper0016.pdf","True","True"
"nime2017_paper0017.pdf","True","True"
"nime2017_paper0018.pdf","True","True"
"nime2017_paper0019.pdf","True","True"
"nime2017_paper0020.pdf","True","True"
"nime2017_paper0021.pdf","True","True"
"nime2017_paper0022.pdf","True","True"
"nime2017_paper0023.pdf","True","True"
"nime2017_paper0024.pdf","True","True"
"nime2017_paper0025.pdf","True","True"
"nime2017_paper0026.pdf","True","True"
"nime2017_paper0027.pdf","True","True"
"nime2017_paper0028.pdf","True","True"
"nime2017_paper0029.pdf","True","True"
"nime2017_paper0030.pdf","True","True"
"nime2017_paper0031.pdf","True","True"
"nime2017_paper0032.pdf","True","True"
"nime2017_paper0033.pdf","True","True"
"nime2017_paper0034.pdf","True","True"
"nime2017_paper0035.pdf","True","True"
"nime2017_paper0036.pdf","True","True"
"nime2017_paper0037.pdf","True","True"
"nime2017_paper0038.pdf","True","True"
"nime2017_paper0039.pdf","True","True"
"nime2017_paper0040.pdf","True","True"
"nime2017_paper0041.pdf","True","True"
"nime2017_paper0042.pdf","True","True"
"nime2017_paper0043.pdf","True","True"
"nime2017_paper0044.pdf","True","True"
"nime2017_paper0045.pdf","True","True"
"nime2017_paper0046.pdf","True","True"
"nime2017_paper0047.pdf","True","True"
"nime2017_paper0048.pdf","True","True"
"nime2017_paper0049.pdf","True","True"
"nime2017_paper0050.pdf","True","True"
"nime2017_paper0051.pdf","True","True"
"nime2017_paper0052.pdf","True","True"
"nime2017_paper0053.pdf","True","True"
"nime2017_paper0054.pdf","True","True"
"nime2017_paper0055.pdf","True","True"
"nime2017_paper0056.pdf","True","True"
"nime2017_paper0057.pdf","True","True"
"nime2017_paper0058.pdf","True","True"
"nime2017_paper0059.pdf","True","True"
"nime2017_paper0060.pdf","True","True"
"nime2017_paper0061.pdf","True","True"
"nime2017_paper0062.pdf","True","True"
"nime2017_paper0063.pdf","True","True"
"nime2017_paper0064.pdf","True","True"
"nime2017_paper0065.pdf","True","True"
"nime2017_paper0066.pdf","True","True"
"nime2017_paper0067.pdf","True","True"
"nime2017_paper0068.pdf","True","True"
"nime2017_paper0069.pdf","True","True"
"nime2017_paper0070.pdf","True","True"
"nime2017_paper0071.pdf","True","True"
"nime2017_paper0072.pdf","True","True"
"nime2017_paper0073.pdf","True","True"
"nime2017_paper0074.pdf","True","True"
"nime2017_paper0075.pdf","True","True"
"nime2017_paper0076.pdf","True","True"
"nime2017_paper0077.pdf","True","True"
"nime2017_paper0078.pdf","True","True"
"nime2017_paper0079.pdf","True","True"
"nime2017_paper0080.pdf","True","True"
"nime2017_paper0081.pdf","True","True"
"nime2017_paper0082.pdf","True","True"
"nime2017_paper0083.pdf","True","True"
"nime2017_paper0084.pdf","True","True"
"nime2017_paper0085.pdf","True","True"
"nime2017_paper0086.pdf","True","True"
"nime2017_paper0087.pdf","True","True"
"nime2017_paper0088.pdf","True","True"
"nime2017_paper0089.pdf","True","True"
"nime2017_paper0090.pdf","True","True"
"nime2017_paper0091.pdf","True","True"
"nime2017_paper0092.pdf","True","True"
"nime2017_paper0093.pdf","True","True"
"nime2017_paper0094.pdf","True","True"
"nime2017_paper0095.pdf","True","True"
"nime2017_paper0096.pdf","True","True"
"nime2017_paper0097.pdf","True","True"
"nime2017_paper0098.pdf","True","True"
"nime2017_paper0099.pdf","True","True"
"nime2017_paper0100.pdf","True","True"
"nime2017_paper0101.pdf","True","True"
"nime2017_paper0102.pdf","True","True"
"nime2017_paper0103.pdf","True","True"
"nime2017_paper0104.pdf","True","True"
"nime2017_paper0105.pdf","True","True"
"nime2018_paper0001.pdf","True","True"
"nime2018_paper0002.pdf","True","True"
"nime2018_paper0003.pdf","True","True"
"nime2018_paper0004.pdf","True","True"
"nime2018_paper0005.pdf","True","True"
"nime2018_paper0006.pdf","True","True"
"nime2018_paper0007.pdf","True","True"
"nime2018_paper0008.pdf","True","True"
"nime2018_paper0009.pdf","True","True"
"nime2018_paper0010.pdf","True","True"
"nime2018_paper0011.pdf","True","True"
"nime2018_paper0012.pdf","True","True"
"nime2018_paper0013.pdf","True","True"
"nime2018_paper0014.pdf","True","True"
"nime2018_paper0015.pdf","True","True"
"nime2018_paper0016.pdf","True","True"
"nime2018_paper0017.pdf","True","True"
"nime2018_paper0018.pdf","True","True"
"nime2018_paper0019.pdf","True","True"
"nime2018_paper0020.pdf","True","True"
"nime2018_paper0021.pdf","True","True"
"nime2018_paper0022.pdf","True","True"
"nime2018_paper0023.pdf","True","True"
"nime2018_paper0024.pdf","True","True"
"nime2018_paper0025.pdf","True","True"
"nime2018_paper0026.pdf","True","True"
"nime2018_paper0027.pdf","True","True"
"nime2018_paper0028.pdf","True","True"
"nime2018_paper0029.pdf","True","True"
"nime2018_paper0030.pdf","True","True"
"nime2018_paper0031.pdf","True","True"
"nime2018_paper0032.pdf","True","True"
"nime2018_paper0033.pdf","True","True"
"nime2018_paper0034.pdf","True","True"
"nime2018_paper0035.pdf","True","True"
"nime2018_paper0036.pdf","True","True"
"nime2018_paper0037.pdf","True","True"
"nime2018_paper0038.pdf","True","True"
"nime2018_paper0039.pdf","True","True"
"nime2018_paper0040.pdf","True","True"
"nime2018_paper0041.pdf","True","True"
"nime2018_paper0042.pdf","True","True"
"nime2018_paper0043.pdf","True","True"
"nime2018_paper0044.pdf","True","True"
"nime2018_paper0045.pdf","True","True"
"nime2018_paper0046.pdf","True","True"
"nime2018_paper0047.pdf","True","True"
"nime2018_paper0048.pdf","True","True"
"nime2018_paper0049.pdf","True","True"
"nime2018_paper0050.pdf","True","True"
"nime2018_paper0051.pdf","True","True"
"nime2018_paper0052.pdf","True","True"
"nime2018_paper0053.pdf","True","True"
"nime2018_paper0054.pdf","True","True"
"nime2018_paper0055.pdf","True","True"
"nime2018_paper0056.pdf","True","True"
"nime2018_paper0057.pdf","True","True"
"nime2018_paper0058.pdf","True","True"
"nime2018_paper0059.pdf","True","True"
"nime2018_paper0060.pdf","True","True"
"nime2018_paper0061.pdf","True","True"
"nime2018_paper0062.pdf","True","True"
"nime2018_paper0063.pdf","True","True"
"nime2018_paper0064.pdf","True","True"
"nime2018_paper0065.pdf","True","True"
"nime2018_paper0066.pdf","True","True"
"nime2018_paper0067.pdf","True","True"
"nime2018_paper0068.pdf","True","True"
"nime2018_paper0069.pdf","True","True"
"nime2018_paper0070.pdf","True","True"
"nime2018_paper0071.pdf","True","True"
"nime2018_paper0072.pdf","True","True"
"nime2018_paper0073.pdf","True","True"
"nime2018_paper0074.pdf","True","True"
"nime2018_paper0075.pdf","True","True"
"nime2018_paper0076.pdf","True","True"
"nime2018_paper0077.pdf","True","True"
"nime2018_paper0078.pdf","True","True"
"nime2018_paper0079.pdf","True","True"
"nime2018_paper0080.pdf","True","True"
"nime2018_paper0081.pdf","True","True"
"nime2018_paper0082.pdf","True","True"
"nime2018_paper0083.pdf","True","True"
"nime2018_paper0084.pdf","True","True"
"nime2018_paper0085.pdf","True","True"
"nime2018_paper0086.pdf","True","True"
"nime2018_paper0087.pdf","True","True"
"nime2018_paper0088.pdf","True","True"
"nime2018_paper0089.pdf","True","True"
"nime2018_paper0090.pdf","True","True"
"nime2018_paper0091.pdf","True","True"
"nime2018_paper0092.pdf","True","True"
"nime2019_paper001.pdf","True","True"
"nime2019_paper002.pdf","True","True"
"nime2019_paper003.pdf","True","True"
"nime2019_paper004.pdf","True","True"
"nime2019_paper005.pdf","True","True"
"nime2019_paper006.pdf","True","True"
"nime2019_paper007.pdf","True","True"
"nime2019_paper008.pdf","True","True"
"nime2019_paper009.pdf","True","True"
"nime2019_paper010.pdf","True","True"
"nime2019_paper011.pdf","True","True"
"nime2019_paper012.pdf","True","True"
"nime2019_paper013.pdf","True","True"
"nime2019_paper014.pdf","True","True"
"nime2019_paper015.pdf","True","True"
"nime2019_paper016.pdf","True","True"
"nime2019_paper017.pdf","True","True"
"nime2019_paper018.pdf","True","True"
"nime2019_paper019.pdf","True","True"
"nime2019_paper020.pdf","True","True"
"nime2019_paper021.pdf","True","True"
"nime2019_paper022.pdf","True","True"
"nime2019_paper023.pdf","True","True"
"nime2019_paper024.pdf","True","True"
"nime2019_paper025.pdf","True","True"
"nime2019_paper026.pdf","True","True"
"nime2019_paper027.pdf","True","True"
"nime2019_paper028.pdf","True","True"
"nime2019_paper029.pdf","True","True"
"nime2019_paper030.pdf","True","True"
"nime2019_paper031.pdf","True","True"
"nime2019_paper032.pdf","True","True"
"nime2019_paper033.pdf","True","True"
"nime2019_paper034.pdf","True","True"
"nime2019_paper035.pdf","True","True"
"nime2019_paper036.pdf","True","True"
"nime2019_paper037.pdf","True","True"
"nime2019_paper038.pdf","True","True"
"nime2019_paper039.pdf","True","True"
"nime2019_paper040.pdf","True","True"
"nime2019_paper041.pdf","True","True"
"nime2019_paper042.pdf","True","True"
"nime2019_paper043.pdf","True","True"
"nime2019_paper044.pdf","True","True"
"nime2019_paper045.pdf","True","True"
"nime2019_paper046.pdf","True","True"
"nime2019_paper047.pdf","True","True"
"nime2019_paper048.pdf","True","True"
"nime2019_paper049.pdf","True","True"
"nime2019_paper050.pdf","True","True"
"nime2019_paper051.pdf","True","True"
"nime2019_paper052.pdf","True","True"
"nime2019_paper053.pdf","True","True"
"nime2019_paper054.pdf","True","True"
"nime2019_paper055.pdf","True","True"
"nime2019_paper056.pdf","True","True"
"nime2019_paper057.pdf","True","True"
"nime2019_paper058.pdf","True","True"
"nime2019_paper059.pdf","True","True"
"nime2019_paper060.pdf","True","True"
"nime2019_paper061.pdf","True","True"
"nime2019_paper062.pdf","True","True"
"nime2019_paper063.pdf","True","True"
"nime2019_paper064.pdf","True","True"
"nime2019_paper065.pdf","True","True"
"nime2019_paper066.pdf","True","True"
"nime2019_paper067.pdf","True","True"
"nime2019_paper068.pdf","True","True"
"nime2019_paper069.pdf","True","True"
"nime2019_paper070.pdf","True","True"
"nime2019_paper071.pdf","True","True"
"nime2019_paper072.pdf","True","True"
"nime2019_paper073.pdf","True","True"
"nime2019_paper074.pdf","True","True"
"nime2019_paper075.pdf","True","True"
"nime2019_paper076.pdf","True","True"
"nime2019_paper077.pdf","True","True"
"nime2019_paper078.pdf","True","True"
"nime2019_paper079.pdf","True","True"
"nime2019_paper080.pdf","True","True"
"nime2019_paper081.pdf","True","True"
"nime2019_paper082.pdf","True","True"
"nime2019_paper083.pdf","True","True"
"nime2019_paper084.pdf","True","True"
"nime2019_paper085.pdf","True","True"
"nime2019_paper086.pdf","True","True"
"nime2019_paper087.pdf","True","True"
"nime2019_paper088.pdf","True","True"
"nime2020_paper0.pdf","True","True"
"nime2020_paper1.pdf","True","True"
"nime2020_paper10.pdf","True","True"
"nime2020_paper100.pdf","True","True"
"nime2020_paper101.pdf","True","True"
"nime2020_paper102.pdf","True","True"
"nime2020_paper103.pdf","True","True"
"nime2020_paper104.pdf","True","True"
"nime2020_paper105.pdf","True","True"
"nime2020_paper106.pdf","True","True"
"nime2020_paper107.pdf","True","True"
"nime2020_paper108.pdf","True","True"
"nime2020_paper109.pdf","True","True"
"nime2020_paper11.pdf","True","True"
"nime2020_paper110.pdf","True","True"
"nime2020_paper111.pdf","True","True"
"nime2020_paper112.pdf","True","True"
"nime2020_paper113.pdf","True","True"
"nime2020_paper114.pdf","True","True"
"nime2020_paper115.pdf","True","True"
"nime2020_paper116.pdf","True","True"
"nime2020_paper117.pdf","True","True"
"nime2020_paper118.pdf","True","True"
"nime2020_paper119.pdf","True","True"
"nime2020_paper12.pdf","True","True"
"nime2020_paper120.pdf","True","True"
"nime2020_paper121.pdf","True","True"
"nime2020_paper122.pdf","True","True"
"nime2020_paper123.pdf","True","True"
"nime2020_paper124.pdf","True","True"
"nime2020_paper125.pdf","True","True"
"nime2020_paper13.pdf","True","True"
"nime2020_paper14.pdf","True","True"
"nime2020_paper15.pdf","True","True"
"nime2020_paper16.pdf","True","True"
"nime2020_paper17.pdf","True","True"
"nime2020_paper18.pdf","True","True"
"nime2020_paper19.pdf","True","True"
"nime2020_paper2.pdf","True","True"
"nime2020_paper20.pdf","True","True"
"nime2020_paper21.pdf","True","True"
"nime2020_paper22.pdf","True","True"
"nime2020_paper23.pdf","True","True"
"nime2020_paper24.pdf","True","True"
"nime2020_paper25.pdf","True","True"
"nime2020_paper26.pdf","True","True"
"nime2020_paper27.pdf","True","True"
"nime2020_paper28.pdf","True","True"
"nime2020_paper29.pdf","True","True"
"nime2020_paper3.pdf","True","True"
"nime2020_paper30.pdf","True","True"
"nime2020_paper31.pdf","True","True"
"nime2020_paper32.pdf","True","True"
"nime2020_paper33.pdf","True","True"
"nime2020_paper34.pdf","True","True"
"nime2020_paper35.pdf","True","True"
"nime2020_paper36.pdf","True","True"
"nime2020_paper37.pdf","True","True"
"nime2020_paper38.pdf","True","True"
"nime2020_paper39.pdf","True","True"
"nime2020_paper4.pdf","True","True"
"nime2020_paper40.pdf","True","True"
"nime2020_paper41.pdf","True","True"
"nime2020_paper42.pdf","True","True"
"nime2020_paper43.pdf","True","True"
"nime2020_paper44.pdf","True","True"
"nime2020_paper45.pdf","True","True"
"nime2020_paper46.pdf","True","True"
"nime2020_paper47.pdf","True","True"
"nime2020_paper48.pdf","True","True"
"nime2020_paper49.pdf","True","True"
"nime2020_paper5.pdf","True","True"
"nime2020_paper50.pdf","True","True"
"nime2020_paper51.pdf","True","True"
"nime2020_paper52.pdf","True","True"
"nime2020_paper53.pdf","True","True"
"nime2020_paper54.pdf","True","True"
"nime2020_paper55.pdf","True","True"
"nime2020_paper56.pdf","True","True"
"nime2020_paper57.pdf","True","True"
"nime2020_paper58.pdf","True","True"
"nime2020_paper59.pdf","True","True"
"nime2020_paper6.pdf","True","True"
"nime2020_paper60.pdf","True","True"
"nime2020_paper61.pdf","True","True"
"nime2020_paper62.pdf","True","True"
"nime2020_paper63.pdf","True","True"
"nime2020_paper64.pdf","True","True"
"nime2020_paper65.pdf","True","True"
"nime2020_paper66.pdf","True","True"
"nime2020_paper67.pdf","True","True"
"nime2020_paper68.pdf","True","True"
"nime2020_paper69.pdf","True","True"
"nime2020_paper7.pdf","True","True"
"nime2020_paper70.pdf","True","True"
"nime2020_paper71.pdf","True","True"
"nime2020_paper72.pdf","True","True"
"nime2020_paper74.pdf","True","True"
"nime2020_paper75.pdf","True","True"
"nime2020_paper76.pdf","True","True"
"nime2020_paper77.pdf","True","True"
"nime2020_paper78.pdf","True","True"
"nime2020_paper79.pdf","True","True"
"nime2020_paper8.pdf","True","True"
"nime2020_paper80.pdf","True","True"
"nime2020_paper81.pdf","True","True"
"nime2020_paper82.pdf","True","True"
"nime2020_paper83.pdf","True","True"
"nime2020_paper84.pdf","True","True"
"nime2020_paper85.pdf","True","True"
"nime2020_paper86.pdf","True","True"
"nime2020_paper87.pdf","True","True"
"nime2020_paper88.pdf","True","True"
"nime2020_paper89.pdf","True","True"
"nime2020_paper9.pdf","True","True"
"nime2020_paper90.pdf","True","True"
"nime2020_paper91.pdf","True","True"
"nime2020_paper92.pdf","True","True"
"nime2020_paper93.pdf","True","True"
"nime2020_paper94.pdf","True","True"
"nime2020_paper95.pdf","True","True"
"nime2020_paper96.pdf","True","True"
"nime2020_paper97.pdf","True","True"
"nime2020_paper98.pdf","True","True"
"nime2020_paper99.pdf","True","True"
"nime2021_1.pdf","True","True"
"nime2021_10.pdf","True","True"
"nime2021_11.pdf","True","True"
"nime2021_12.pdf","True","True"
"nime2021_13.pdf","True","True"
"nime2021_14.pdf","True","True"
"nime2021_15.pdf","True","True"
"nime2021_16.pdf","True","True"
"nime2021_17.pdf","True","True"
"nime2021_18.pdf","True","True"
"nime2021_19.pdf","True","True"
"nime2021_2.pdf","True","True"
"nime2021_20.pdf","True","True"
"nime2021_21.pdf","True","True"
"nime2021_22.pdf","True","True"
"nime2021_23.pdf","True","True"
"nime2021_24.pdf","True","True"
"nime2021_25.pdf","True","True"
"nime2021_26.pdf","True","True"
"nime2021_27.pdf","True","True"
"nime2021_28.pdf","True","True"
"nime2021_29.pdf","True","True"
"nime2021_3.pdf","True","True"
"nime2021_30.pdf","True","True"
"nime2021_31.pdf","True","True"
"nime2021_32.pdf","True","True"
"nime2021_33.pdf","True","True"
"nime2021_34.pdf","True","True"
"nime2021_35.pdf","True","True"
"nime2021_36.pdf","True","True"
"nime2021_37.pdf","True","True"
"nime2021_38.pdf","True","True"
"nime2021_39.pdf","True","True"
"nime2021_4.pdf","True","True"
"nime2021_40.pdf","True","True"
"nime2021_41.pdf","True","True"
"nime2021_42.pdf","True","True"
"nime2021_43.pdf","True","True"
"nime2021_44.pdf","True","True"
"nime2021_45.pdf","True","True"
"nime2021_46.pdf","True","True"
"nime2021_47.pdf","True","True"
"nime2021_48.pdf","True","True"
"nime2021_49.pdf","True","True"
"nime2021_5.pdf","True","True"
"nime2021_50.pdf","True","True"
"nime2021_51.pdf","True","True"
"nime2021_52.pdf","True","True"
"nime2021_53.pdf","True","True"
"nime2021_54.pdf","True","True"
"nime2021_55.pdf","True","True"
"nime2021_56.pdf","True","True"
"nime2021_57.pdf","True","True"
"nime2021_58.pdf","True","True"
"nime2021_59.pdf","True","True"
"nime2021_6.pdf","True","True"
"nime2021_60.pdf","True","True"
"nime2021_61.pdf","True","True"
"nime2021_62.pdf","True","True"
"nime2021_63.pdf","True","True"
"nime2021_64.pdf","True","True"
"nime2021_65.pdf","True","True"
"nime2021_66.pdf","True","True"
"nime2021_67.pdf","True","True"
"nime2021_68.pdf","True","True"
"nime2021_69.pdf","True","True"
"nime2021_7.pdf","True","True"
"nime2021_70.pdf","True","True"
"nime2021_71.pdf","True","True"
"nime2021_72.pdf","True","True"
"nime2021_73.pdf","True","True"
"nime2021_74.pdf","True","True"
"nime2021_75.pdf","True","True"
"nime2021_76.pdf","True","True"
"nime2021_77.pdf","True","True"
"nime2021_78.pdf","True","True"
"nime2021_79.pdf","True","True"
"nime2021_8.pdf","True","True"
"nime2021_80.pdf","True","True"
"nime2021_81.pdf","True","True"
"nime2021_82.pdf","True","True"
"nime2021_83.pdf","True","True"
"nime2021_84.pdf","True","True"
"nime2021_85.pdf","True","True"
"nime2021_86.pdf","True","True"
"nime2021_87.pdf","True","True"
"nime2021_88.pdf","True","True"
"nime2021_9.pdf","True","True"
"nime2022_1.pdf","True","True"
"nime2022_10.pdf","True","True"
"nime2022_11.pdf","True","True"
"nime2022_12.pdf","True","True"
"nime2022_13.pdf","True","True"
"nime2022_14.pdf","True","True"
"nime2022_15.pdf","True","True"
"nime2022_16.pdf","True","True"
"nime2022_17.pdf","True","True"
"nime2022_18.pdf","True","True"
"nime2022_19.pdf","True","True"
"nime2022_2.pdf","True","True"
"nime2022_20.pdf","True","True"
"nime2022_21.pdf","True","True"
"nime2022_22.pdf","True","True"
"nime2022_23.pdf","True","True"
"nime2022_24.pdf","True","True"
"nime2022_25.pdf","True","True"
"nime2022_26.pdf","True","True"
"nime2022_27.pdf","True","True"
"nime2022_28.pdf","True","True"
"nime2022_29.pdf","True","True"
"nime2022_3.pdf","True","True"
"nime2022_30.pdf","True","True"
"nime2022_31.pdf","True","True"
"nime2022_32.pdf","True","True"
"nime2022_33.pdf","True","True"
"nime2022_34.pdf","True","True"
"nime2022_35.pdf","True","True"
"nime2022_36.pdf","True","True"
"nime2022_37.pdf","True","True"
"nime2022_38.pdf","True","True"
"nime2022_39.pdf","True","True"
"nime2022_4.pdf","True","True"
"nime2022_40.pdf","True","True"
"nime2022_41.pdf","True","True"
"nime2022_42.pdf","True","True"
"nime2022_43.pdf","True","True"
"nime2022_44.pdf","True","True"
"nime2022_45.pdf","True","True"
"nime2022_46.pdf","True","True"
"nime2022_47.pdf","True","True"
"nime2022_48.pdf","True","True"
"nime2022_49.pdf","True","True"
"nime2022_5.pdf","True","True"
"nime2022_50.pdf","True","True"
"nime2022_51.pdf","True","True"
"nime2022_52.pdf","True","True"
"nime2022_53.pdf","True","True"
"nime2022_54.pdf","True","True"
"nime2022_55.pdf","True","True"
"nime2022_56.pdf","True","True"
"nime2022_6.pdf","True","True"
"nime2022_7.pdf","True","True"
"nime2022_8.pdf","True","True"
"nime2022_9.pdf","True","True"
"nime2023_1.pdf","True","True"
"nime2023_10.pdf","True","True"
"nime2023_11.pdf","True","True"
"nime2023_12.pdf","True","True"
"nime2023_13.pdf","True","True"
"nime2023_14.pdf","True","True"
"nime2023_15.pdf","True","True"
"nime2023_16.pdf","True","True"
"nime2023_17.pdf","True","True"
"nime2023_18.pdf","True","True"
"nime2023_19.pdf","True","True"
"nime2023_2.pdf","True","True"
"nime2023_20.pdf","True","True"
"nime2023_21.pdf","True","True"
"nime2023_22.pdf","True","True"
"nime2023_23.pdf","True","True"
"nime2023_24.pdf","True","True"
"nime2023_25.pdf","True","True"
"nime2023_26.pdf","True","True"
"nime2023_27.pdf","True","True"
"nime2023_28.pdf","True","True"
"nime2023_29.pdf","True","True"
"nime2023_3.pdf","True","True"
"nime2023_30.pdf","True","True"
"nime2023_31.pdf","True","True"
"nime2023_32.pdf","True","True"
"nime2023_33.pdf","True","True"
"nime2023_34.pdf","True","True"
"nime2023_35.pdf","True","True"
"nime2023_36.pdf","True","True"
"nime2023_37.pdf","True","True"
"nime2023_38.pdf","True","True"
"nime2023_39.pdf","True","True"
"nime2023_4.pdf","True","True"
"nime2023_40.pdf","True","True"
"nime2023_41.pdf","True","True"
"nime2023_42.pdf","True","True"
"nime2023_43.pdf","True","True"
"nime2023_44.pdf","True","True"
"nime2023_45.pdf","True","True"
"nime2023_46.pdf","True","True"
"nime2023_47.pdf","True","True"
"nime2023_48.pdf","True","True"
"nime2023_49.pdf","True","True"
"nime2023_5.pdf","True","True"
"nime2023_50.pdf","True","True"
"nime2023_51.pdf","True","True"
"nime2023_52.pdf","True","True"
"nime2023_53.pdf","True","True"
"nime2023_54.pdf","True","True"
"nime2023_55.pdf","True","True"
"nime2023_56.pdf","True","True"
"nime2023_57.pdf","True","True"
"nime2023_58.pdf","True","True"
"nime2023_59.pdf","True","True"
"nime2023_6.pdf","True","True"
"nime2023_60.pdf","True","True"
"nime2023_61.pdf","True","True"
"nime2023_62.pdf","True","True"
"nime2023_63.pdf","True","True"
"nime2023_64.pdf","True","True"
"nime2023_65.pdf","True","True"
"nime2023_66.pdf","True","True"
"nime2023_67.pdf","True","True"
"nime2023_68.pdf","True","True"
"nime2023_69.pdf","True","True"
"nime2023_7.pdf","True","True"
"nime2023_70.pdf","True","True"
"nime2023_71.pdf","True","True"
"nime2023_72.pdf","True","True"
"nime2023_73.pdf","True","True"
"nime2023_74.pdf","True","True"
"nime2023_75.pdf","True","True"
"nime2023_76.pdf","True","True"
"nime2023_77.pdf","True","True"
"nime2023_78.pdf","True","True"
"nime2023_79.pdf","True","True"
"nime2023_8.pdf","True","True"
"nime2023_80.pdf","True","True"
"nime2023_81.pdf","True","True"
"nime2023_82.pdf","True","True"
"nime2023_83.pdf","True","True"
"nime2023_84.pdf","True","True"
"nime2023_85.pdf","True","True"
"nime2023_86.pdf","True","True"
"nime2023_87.pdf","True","True"
"nime2023_88.pdf","True","True"
"nime2023_89.pdf","True","True"
"nime2023_9.pdf","True","True"
"nime2023_90.pdf","True","True"
"nime2023_91.pdf","True","True"
"nime2023_92.pdf","True","True"
"nime2023_93.pdf","True","True"
"nime2023_94.pdf","True","True"
"nime2023_95.pdf","True","True"
"nime2023_96.pdf","True","True"
"nime2023_97.pdf","True","True"
"nime2023_98.pdf","True","True"
"nime2023_99.pdf","True","True"
"nime2024_1.pdf","True","True"
"nime2024_10.pdf","True","True"
"nime2024_11.pdf","True","True"
"nime2024_12.pdf","True","True"
"nime2024_13.pdf","True","True"
"nime2024_14.pdf","True","True"
"nime2024_15.pdf","True","True"
"nime2024_16.pdf","True","True"
"nime2024_17.pdf","True","True"
"nime2024_18.pdf","True","True"
"nime2024_19.pdf","True","True"
"nime2024_2.pdf","True","True"
"nime2024_20.pdf","True","True"
"nime2024_21.pdf","True","True"
"nime2024_22.pdf","True","True"
"nime2024_23.pdf","True","True"
"nime2024_24.pdf","True","True"
"nime2024_25.pdf","True","True"
"nime2024_26.pdf","True","True"
"nime2024_27.pdf","True","True"
"nime2024_28.pdf","True","True"
"nime2024_29.pdf","True","True"
"nime2024_3.pdf","True","True"
"nime2024_30.pdf","True","True"
"nime2024_31.pdf","True","True"
"nime2024_32.pdf","True","True"
"nime2024_33.pdf","True","True"
"nime2024_34.pdf","True","True"
"nime2024_35.pdf","True","True"
"nime2024_36.pdf","True","True"
"nime2024_37.pdf","True","True"
"nime2024_38.pdf","True","True"
"nime2024_39.pdf","True","True"
"nime2024_4.pdf","True","True"
"nime2024_40.pdf","True","True"
"nime2024_41.pdf","True","True"
"nime2024_42.pdf","True","True"
"nime2024_43.pdf","True","True"
"nime2024_44.pdf","True","True"
"nime2024_45.pdf","True","True"
"nime2024_46.pdf","True","True"
"nime2024_47.pdf","True","True"
"nime2024_48.pdf","True","True"
"nime2024_49.pdf","True","True"
"nime2024_5.pdf","True","True"
"nime2024_50.pdf","True","True"
"nime2024_51.pdf","True","True"
"nime2024_52.pdf","True","True"
"nime2024_53.pdf","True","True"
"nime2024_54.pdf","True","True"
"nime2024_55.pdf","True","True"
"nime2024_56.pdf","True","True"
"nime2024_57.pdf","True","True"
"nime2024_58.pdf","True","True"
"nime2024_59.pdf","True","True"
"nime2024_6.pdf","True","True"
"nime2024_60.pdf","True","True"
"nime2024_61.pdf","True","True"
"nime2024_62.pdf","True","True"
"nime2024_63.pdf","True","True"
"nime2024_64.pdf","True","True"
"nime2024_65.pdf","True","True"
"nime2024_66.pdf","True","True"
"nime2024_67.pdf","True","True"
"nime2024_68.pdf","True","True"
"nime2024_69.pdf","True","True"
"nime2024_7.pdf","True","True"
"nime2024_70.pdf","True","True"
"nime2024_71.pdf","True","True"
"nime2024_72.pdf","True","True"
"nime2024_73.pdf","True","True"
"nime2024_74.pdf","True","True"
"nime2024_75.pdf","True","True"
"nime2024_76.pdf","True","True"
"nime2024_77.pdf","True","True"
"nime2024_78.pdf","True","True"
"nime2024_79.pdf","True","True"
"nime2024_8.pdf","True","True"
"nime2024_80.pdf","True","True"
"nime2024_81.pdf","True","True"
"nime2024_82.pdf","True","True"
"nime2024_83.pdf","True","True"
"nime2024_84.pdf","True","True"
"nime2024_85.pdf","True","True"
"nime2024_86.pdf","True","True"
"nime2024_87.pdf","True","True"
"nime2024_88.pdf","True","True"
"nime2024_89.pdf","True","True"
"nime2024_9.pdf","True","True"
"nime2024_90.pdf","True","True"
"nime2024_91.pdf","True","True"
"nime2024_92.pdf","True","True"
"nime2024_93.pdf","True","True"
"nime2024_94.pdf","True","True"
"nime2025_1.pdf","True","True"
"nime2025_10.pdf","True","True"
"nime2025_11.pdf","True","True"
"nime2025_12.pdf","True","True"
"nime2025_13.pdf","True","True"
"nime2025_14.pdf","True","True"
"nime2025_15.pdf","True","True"
"nime2025_16.pdf","True","True"
"nime2025_17.pdf","True","True"
"nime2025_18.pdf","True","True"
"nime2025_19.pdf","True","True"
"nime2025_2.pdf","True","True"
"nime2025_20.pdf","True","True"
"nime2025_21.pdf","True","True"
"nime2025_22.pdf","True","True"
"nime2025_23.pdf","True","True"
"nime2025_24.pdf","True","True"
"nime2025_25.pdf","True","True"
"nime2025_26.pdf","True","True"
"nime2025_27.pdf","True","True"
"nime2025_28.pdf","True","True"
"nime2025_29.pdf","True","True"
"nime2025_3.pdf","True","True"
"nime2025_30.pdf","True","True"
"nime2025_31.pdf","True","True"
"nime2025_32.pdf","True","True"
"nime2025_33.pdf","True","True"
"nime2025_34.pdf","True","True"
"nime2025_35.pdf","True","True"
"nime2025_36.pdf","True","True"
"nime2025_37.pdf","True","True"
"nime2025_38.pdf","True","True"
"nime2025_39.pdf","True","True"
"nime2025_4.pdf","True","True"
"nime2025_40.pdf","True","True"
"nime2025_41.pdf","True","True"
"nime2025_42.pdf","True","True"
"nime2025_43.pdf","True","True"
"nime2025_44.pdf","True","True"
"nime2025_45.pdf","True","True"
"nime2025_46.pdf","True","True"
"nime2025_47.pdf","True","True"
"nime2025_48.pdf","True","True"
"nime2025_49.pdf","True","True"
"nime2025_5.pdf","True","True"
"nime2025_50.pdf","True","True"
"nime2025_51.pdf","True","True"
"nime2025_52.pdf","True","True"
"nime2025_53.pdf","True","True"
"nime2025_54.pdf","True","True"
"nime2025_55.pdf","True","True"
"nime2025_56.pdf","True","True"
"nime2025_57.pdf","True","True"
"nime2025_58.pdf","True","True"
"nime2025_59.pdf","True","True"
"nime2025_6.pdf","True","True"
"nime2025_60.pdf","True","True"
"nime2025_61.pdf","True","True"
"nime2025_62.pdf","True","True"
"nime2025_63.pdf","True","True"
"nime2025_64.pdf","True","True"
"nime2025_65.pdf","True","True"
"nime2025_66.pdf","True","True"
"nime2025_67.pdf","True","True"
"nime2025_68.pdf","True","True"
"nime2025_69.pdf","True","True"
"nime2025_7.pdf","True","True"
"nime2025_70.pdf","True","True"
"nime2025_71.pdf","True","True"
"nime2025_72.pdf","True","True"
"nime2025_73.pdf","True","True"
"nime2025_74.pdf","True","True"
"nime2025_75.pdf","True","True"
"nime2025_76.pdf","True","True"
"nime2025_77.pdf","True","True"
"nime2025_78.pdf","True","True"
"nime2025_79.pdf","True","True"
"nime2025_8.pdf","True","True"
"nime2025_80.pdf","True","True"
"nime2025_81.pdf","True","True"
"nime2025_82.pdf","True","True"
"nime2025_83.pdf","True","True"
"nime2025_84.pdf","True","True"
"nime2025_85.pdf","True","True"
"nime2025_86.pdf","True","True"
"nime2025_87.pdf","True","True"
"nime2025_88.pdf","True","True"
"nime2025_89.pdf","True","True"
"nime2025_9.pdf","True","True"
"nime2025_90.pdf","True","True"
"nime2025_91.pdf","True","True"
"nime2025_92.pdf","True","True"
"nime2025_93.pdf","True","True"
"nime2025_94.pdf","True","True"
"nime2025_95.pdf","True","True"
"nime2025_96.pdf","True","True"
